<?xml version="1.0" encoding="UTF-8"?>
<beans xmlns="http://www.springframework.org/schema/beans"
	xmlns:xsi="http://www.w3.org/2001/XMLSchema-instance"
	xsi:schemaLocation="http://www.springframework.org/schema/beans https://www.springframework.org/schema/beans/spring-beans.xsd">

	<!-- Root Context: defines shared resources visible to all other web components -->
	<bean id="dataSource" class="org.springframework.jdbc.datasource.DriverManagerDataSource">
		<property name="driverClassName" value="com.mysql.cj.jdbc.Driver" />
		<property name="url"
			value="jdbc:mysql://127.0.0.1:3306/ver2?useSSL=false&amp;serverTimezone=UTC" />
		<property name="username" value="root" />
		<property name="password" value="1111" />
	</bean>

	<!-- <bean id="jdbcTemplate" class="org.springframework.jdbc.core.JdbcTemplate"> -->
	<!-- <property name="dataSource" ref="dataSource"></property> -->
	<!-- </bean> -->

	<bean id="sqlSessionFactory" class="org.mybatis.spring.SqlSessionFactoryBean">
		<property name="dataSource" ref="dataSource" />
		<property name="mapperLocations" value="classpath:/ver2/mapper/*.xml" />
		<property name="configLocation" value="classpath:/ver2/config/member-config.xml" />
	</bean>
	<bean id="repository" class="org.mybatis.spring.mapper.MapperFactoryBean">
		<property name="mapperInterface" value="himedia.project.ver2.repository.MemberRepository" />
		<property name="sqlSessionFactory" ref="sqlSessionFactory" />
	</bean>
	
	<bean id="item" class="himedia.project.ver2.domain.Item">
<!-- 		<property name="id" value="100" /> -->
		<property name="id">
			<value>100</value>
		</property>
<!-- 		<property name="name" value="root-context.xml"/> -->
		<property name="name">
			<value>root-context.xml</value>
		</property>
		<constructor-arg value="[constructor] root-context.xml"/>
	</bean>
</beans>
